seed,id,name
1,Jannik Sinner, Jannik Sinner
2,Vit KOPRIVA,Vit KOPRIVA
3,Alexei POPYRIN,Alexei POPYRIN
4,Emil RUUSUVUORI,Emil RUUSUVUORI
5,Valentin Royer,Valentin Royer
6,BU Yunchaokete,BU Yunchaokete
7,Marton FUCSOVICS,Marton FUCSOVICS
8,Denis SHAPOVALOV,Denis SHAPOVALOV
9,Alexander BUBLIK,Alexander BUBLIK
10,Marin CILIC,Marin CILIC
11,Lorenzo SONEGO,Lorenzo SONEGO
12,Tristan SCHOOLKATE,Tristan SCHOOLKATE
13,Nuno BORGES,Nuno BORGES
14,Brandon HOLT,Brandon HOLT
15,Elmer MOLLER,Elmer MOLLER
16,Tommy PAUL,Tommy PAUL
17,Lorenzo MUSETTI,Lorenzo MUSETTI
18,Giovanni MPETSHI,Giovanni MPETSHI
19,Quentin HALYS,Quentin HALYS
20,David GOFFIN,David GOFFIN
21,Jenson BROOKSBY,Jenson BROOKSBY
22,Aleksandar VUKIC,Aleksandar VUKIC
23,Francesco PASSARO,Francesco PASSARO
24,Flavio COBOLLI,Flavio COBOLLI
25,Gabriel DIALLO,Gabriel DIALLO
26,Damir DZUMHUR,Damir DZUMHUR
27,Jaume MUNAR,Jaume MUNAR
28,Jaime FARIA,Jaime FARIA
29,Zizou BERGS,Zizou BERGS
30,Chun-Hsin TSENG,Chun-Hsin TSENG
31,Federico GOMEZ,Federico GOMEZ
32,Jack DRAPER,Jack DRAPER
33,Alexander ZVEREV,Alexander ZVEREV
34,Alejandro TABILO,Alejandro TABILO
35,Roberto BAUTISTA,Roberto BAUTISTA
36,Jacob FEARNLEY,Jacob FEARNLEY
37,Gael MONFILS,Gael MONFILS
38,Roman SAFIULLIN,Roman SAFIULLIN
39,Billy HARRIS,Billy HARRIS
40,Felix AUGER-ALIASSIME,Felix AUGER-ALIASSIME
41,Ugo HUMBERT,Ugo HUMBERT
42,Adam WALTON,Adam WALTON
43,Aleksandar KOVACEVIC,Aleksandar KOVACEVIC
44,Coleman WONG,Coleman WONG
45,James DUCKWORTH,James DUCKWORTH
46,Tristan BOYER,Tristan BOYER
47,Dino PRIZMIC,Dino PRIZMIC
48,Andrey RUBLEV,Andrey RUBLEV
49,Karen KHACHANOV,Karen KHACHANOV
50,Nishesh BASAVAREDDY,Nishesh BASAVAREDDY
51,Hugo DELLIEN,Hugo DELLIEN
52,Kamil MAJCHRZAK,Kamil MAJCHRZAK
53,Leandro RIEDI,Leandro RIEDI
54,Pedro MARTINEZ,Pedro MARTINEZ
55,Matteo ARNALDI,Matteo ARNALDI
56,Francisco CERUNDOLO,Francisco CERUNDOLO
57,Stefanos TSITSIPAS,Stefanos TSITSIPAS
58,Alexandre MULLER,Alexandre MULLER
59,Daniel ALTMAIER,Daniel ALTMAIER
60,Hamad MEDJEDOVIC,Hamad MEDJEDOVIC
61,Hugo GASTON,Hugo GASTON
62,Shintaro MOCHIZUKI,Shintaro MOCHIZUKI
63,Christopher O'CONNELL,Christopher O'CONNELL
64,Alex De,Alex De
65,Novak DJOKOVIC,Novak DJOKOVIC
66,Learner TIEN,Learner TIEN
67,Zachary SVAJDA,Zachary SVAJDA
68,Zsombor PIROS,Zsombor PIROS
69,Cameron NORRIE,Cameron NORRIE
70,Sebastian KORDA,Sebastian KORDA
71,Francisco COMESANA,Francisco COMESANA
72,Alex MICHELSEN,Alex MICHELSEN
73,Frances TIAFOE,Frances TIAFOE
74,Yoshihito NISHIOKA,Yoshihito NISHIOKA
75,Martin DAMM,Martin DAMM
76,Darwin BLANCH,Darwin BLANCH
77,Jan-Lennard STRUFF,Jan-Lennard STRUFF
78,Mackenzie MCDONALD,Mackenzie MCDONALD
79,VAN Botic,VAN Botic
80,Holger RUNE,Holger RUNE
81,Jakub MENSIK,Jakub MENSIK
82,Nicolas JARRY,Nicolas JARRY
83,Ugo BLANCHET,Ugo BLANCHET
84,Fabian MAROZSAN,Fabian MAROZSAN
85,Joao FONSECA,Joao FONSECA
86,Miomir KECMANOVIC,Miomir KECMANOVIC
87,Luca NARDI,Luca NARDI
88,Tomas MACHAC,Tomas MACHAC
89,brandon NAKASHIMA,brandon NAKASHIMA
90,Jesper De,Jesper De
91,Jerome KYM,Jerome KYM
92,Ethan QUINN,Ethan QUINN
93,Sebastian BAEZ,Sebastian BAEZ
94,Lloyd HARRIS,Lloyd HARRIS
95,Emilio NAVA,Emilio NAVA
96,Taylor FRITZ,Taylor FRITZ
97,Benjamin SHELTON,Benjamin SHELTON
98,Ignacio BUSE,Ignacio BUSE
99,CARRENO CARRENO,CARRENO CARRENO
100,LLAMAS LLAMAS,LLAMAS LLAMAS
101,Jordan THOMPSON,Jordan THOMPSON
102,Corentin MOUTET,Corentin MOUTET
103,Adrian MANNARINO,Adrian MANNARINO
104,Tallon GRIEKSPOOR,Tallon GRIEKSPOOR
105,LEHECKA LEHECKA,LEHECKA LEHECKA
106,Borna CORIC,Borna CORIC
107,UGO CARABELLI,UGO CARABELLI
108,Tomas ETCHEVERRY,Tomas ETCHEVERRY
109,Daniel GALAN,Daniel GALAN
110,Raphael COLLIGNON,Raphael COLLIGNON
111,Sebastian OFNER,Sebastian OFNER
112,Casper RUUD,Casper RUUD
113,Daniil MEDVEDEV,Daniil MEDVEDEV
114,Benjamin BONZI,Benjamin BONZI
115,Mariano NAVONE,Mariano NAVONE
116,Marcos GIRON,Marcos GIRON
117,Roberto CARBALLES,Roberto CARBALLES
118,Arthur RINDERKNECH,Arthur RINDERKNECH
119,Alexander SHEVCHENKO,Alexander SHEVCHENKO
120,Alejandro DAVIDOVICH,Alejandro DAVIDOVICH
121,Luciano DARDERI,Luciano DARDERI
122,Rinky HIJIKATA,Rinky HIJIKATA
123,Stefan DOSTANIC,Stefan DOSTANIC
124,Eliot SPIZZIRRI,Eliot SPIZZIRRI
125,Mattia BELLUCCI,Mattia BELLUCCI
126,Juncheng SHANG,Juncheng SHANG
127,Reilly OPELKA,Reilly OPELKA
128,Carlos ALCARAZ,Carlos ALCARAZ
